date,close,open,high,low
03/22/2021,4.47,4.52,4.52,4.41
,,,,
03/19/2021,4.51,4.57,4.59,4.43
03/18/2021,4.61,4.63,4.72,4.61
03/17/2021,4.61,4.65,4.66,4.6
03/16/2021,4.64,4.67,4.7,4.6
03/15/2021,4.64,4.69,4.69,4.57
,,,,
12/3/2021,4.63,4.88,4.89,4.61
11/3/2021,4.84,4.91,4.99,4.78
10/3/2021,4.91,5.15,5.19,4.88
9/3/2021,5,5.14,5.18,4.82
8/3/2021,5.06,5.17,5.39,5.06
,,,,
5/3/2021,5.11,5.05,5.17,5.03
4/3/2021,5.14,5.15,5.28,5.08
3/3/2021,5.22,5.03,5.34,5.01
2/3/2021,5.05,5.19,5.19,4.97
1/3/2021,5.15,4.94,5.25,4.91
,,,,
02/26/2021,4.92,4.99,5,4.86
02/25/2021,5.05,5.16,5.23,5.05
02/24/2021,5.1,5.35,5.47,5.02
02/23/2021,5.3,5.33,5.5,5.3
02/22/2021,5.4,5.17,5.5,5.13
,,,,
02/19/2021,5.08,4.81,5.14,4.73
02/18/2021,4.75,4.74,4.95,4.67
02/17/2021,4.68,4.56,4.73,4.53
02/16/2021,4.52,4.49,4.59,4.49
,,,,
11/2/2021,4.45,4.42,4.49,4.39
10/2/2021,4.43,4.38,4.48,4.37
9/2/2021,4.41,4.4,4.43,4.34
8/2/2021,4.4,4.46,4.48,4.37
,,,,
5/2/2021,4.4,4.34,4.44,4.3
4/2/2021,4.3,4.42,4.46,4.28
3/2/2021,4.46,4.43,4.48,4.37
2/2/2021,4.43,4.43,4.57,4.41
1/2/2021,4.42,4.36,4.46,4.35
,,,,
01/29/2021,4.36,4.47,4.5,4.31
01/28/2021,4.44,4.52,4.67,4.4
01/27/2021,4.6,4.53,4.67,4.42
01/26/2021,4.46,4.58,4.61,4.4
01/25/2021,4.61,4.77,4.86,4.58
,,,,
01/22/2021,4.77,4.9,4.9,4.7
01/21/2021,4.88,5.01,5.03,4.84
01/20/2021,4.97,5.13,5.24,4.82
01/19/2021,5.1,5.21,5.29,5.04
01/18/2021,5.12,5,5.28,4.98
,,,,
01/15/2021,5.01,5.05,5.13,4.92
01/14/2021,5.05,4.93,5.13,4.93
01/13/2021,4.92,5,5.11,4.88
12/1/2021,4.94,4.66,5,4.64
11/1/2021,4.66,4.51,4.8,4.43
,,,,
8/1/2021,4.41,3.95,4.41,3.95
7/1/2021,4.45,4.77,4.77,4.45
6/1/2021,5.02,4.76,5.04,4.7
5/1/2021,4.85,4.32,4.96,4.32
4/1/2021,4.47,4.36,4.5,4.28
,,,,
12/31/2020,4.45,4.44,4.52,4.41
12/30/2020,4.51,4.61,4.63,4.46
12/29/2020,4.62,4.6,4.67,4.56
12/28/2020,4.61,4.46,4.73,4.46
,,,,
12/24/2020,4.45,4.34,4.51,4.34
12/23/2020,4.36,4.4,4.44,4.33
12/22/2020,4.42,4.41,4.49,4.38
12/21/2020,4.44,4.56,4.56,4.39
,,,,
12/18/2020,4.56,4.36,4.61,4.35
12/17/2020,4.41,4.41,4.47,4.34
12/16/2020,4.39,4.32,4.47,4.32
12/15/2020,4.31,4.32,4.37,4.25
12/14/2020,4.34,4.36,4.43,4.3
,,,,
11/12/2020,4.33,4.4,4.47,4.33
10/12/2020,4.38,4.42,4.43,4.35
9/12/2020,4.42,4.48,4.5,4.38
8/12/2020,4.47,4.56,4.57,4.46
7/12/2020,4.54,4.57,4.6,4.5
,,,,
4/12/2020,4.57,4.65,4.65,4.57
3/12/2020,4.65,4.65,4.7,4.62
2/12/2020,4.65,4.63,4.72,4.59
1/12/2020,4.65,4.69,4.72,4.61
11/30/2020,4.66,4.78,4.81,4.66
,,,,
11/27/2020,4.8,4.76,4.83,4.75
11/26/2020,4.78,4.82,4.83,4.75
11/25/2020,4.82,4.85,4.91,4.78
11/24/2020,4.82,4.71,4.86,4.68
11/23/2020,4.77,4.79,4.81,4.68
,,,,
11/20/2020,4.79,4.82,4.84,4.76
11/19/2020,4.83,4.84,4.9,4.8
11/18/2020,4.84,4.89,4.89,4.8
11/17/2020,4.86,4.9,4.92,4.82
11/16/2020,4.89,4.96,5.04,4.84
,,,,
11/13/2020,4.98,5.15,5.2,4.88
12/11/2020,5.33,5.53,5.6,5.28
11/11/2020,5.55,5.26,5.55,5.22
10/11/2020,5.22,5.27,5.34,5.1
9/11/2020,5.18,5.22,5.28,5.13
,,,,
6/11/2020,5.12,5.13,5.22,5.07
5/11/2020,5.08,5.08,5.2,5.03
4/11/2020,4.94,4.89,5.09,4.89
3/11/2020,4.94,4.8,4.98,4.78
2/11/2020,4.78,4.8,4.85,4.74
,,,,
10/30/2020,4.76,5.03,5.03,4.69
10/29/2020,4.98,5.09,5.11,4.93
10/28/2020,5.16,5.45,5.45,5.12
10/27/2020,5.43,5.45,5.69,5.42
,,,,
10/23/2020,5.53,5.37,5.58,5.28
10/22/2020,5.31,5.84,5.88,5.31
10/21/2020,6,5.4,6.12,5.4
10/20/2020,5.4,5.3,5.4,5.28
10/19/2020,5.3,5.33,5.48,5.24
,,,,
10/16/2020,5.33,5.46,5.5,5.26
10/15/2020,5.42,5.45,5.52,5.37
10/14/2020,5.51,5.5,5.61,5.38
12/10/2020,5.4,5.02,5.41,5.01
,,,,
9/10/2020,5.02,5.17,5.17,4.96
8/10/2020,5.13,5.15,5.2,5.02
7/10/2020,5.16,5.07,5.2,5.01
6/10/2020,5.04,5.09,5.12,5
5/10/2020,5.09,5.09,5.19,4.93
,,,,
09/30/2020,5.05,5.24,5.4,4.97
09/29/2020,5.05,5.16,5.16,4.97
09/28/2020,5.13,5.25,5.27,5.06
,,,,
09/25/2020,5.29,5.26,5.43,5.23
09/24/2020,5.26,5.2,5.31,5.2
09/23/2020,5.31,5.32,5.38,5.26
09/22/2020,5.38,5.45,5.52,5.33
09/21/2020,5.52,5.73,5.75,5.52
,,,,
09/18/2020,5.73,5.46,5.78,5.46
09/17/2020,5.47,5.58,5.61,5.4
09/16/2020,5.52,5.53,5.58,5.48
09/15/2020,5.52,5.62,5.69,5.52
09/14/2020,5.69,5.4,5.81,5.4
,,,,
11/9/2020,5.4,5.33,5.47,5.29
10/9/2020,5.39,5.55,5.55,5.38
9/9/2020,5.42,5.25,5.43,5.25
8/9/2020,5.35,5.25,5.54,5.23
7/9/2020,5.23,5.29,5.42,5.22
,,,,
4/9/2020,5.29,5.35,5.39,5.23
3/9/2020,5.41,5.39,5.54,5.33
2/9/2020,5.43,5.61,5.69,5.38
1/9/2020,5.61,5.36,5.68,5.32
08/31/2020,5.49,5.7,5.88,5.49
,,,,
08/28/2020,5.72,5.81,6.01,5.69
08/27/2020,5.8,6.22,6.25,5.77
08/26/2020,6.18,6.15,6.42,6.13
08/25/2020,6.2,6.3,6.35,6.11
08/24/2020,6.32,6.45,6.47,6.19
,,,,
08/21/2020,6.4,6.19,6.58,6.07
08/20/2020,6.21,5.92,6.3,5.83
08/19/2020,6.03,6.5,6.5,6.02
08/18/2020,6.53,5.8,6.7,5.74
08/17/2020,5.88,5.92,6,5.72
,,,,
08/14/2020,5.92,5.7,6.04,5.45
08/13/2020,5.74,4.9,5.74,4.88
12/8/2020,4.57,4.54,4.6,4.47
11/8/2020,4.56,4.47,4.59,4.46
10/8/2020,4.43,4.4,4.47,4.32
,,,,
7/8/2020,4.35,4.4,4.44,4.3
6/8/2020,4.4,4.5,4.5,4.37
5/8/2020,4.48,4.36,4.51,4.35
4/8/2020,4.34,4.34,4.4,4.28
3/8/2020,4.3,4.27,4.33,4.27
,,,,
07/31/2020,4.32,4.29,4.37,4.27
07/30/2020,4.27,4.32,4.36,4.25
07/29/2020,4.32,4.26,4.36,4.24
07/28/2020,4.24,4.33,4.35,4.21
07/27/2020,4.27,4.37,4.39,4.26
,,,,
07/24/2020,4.33,4.4,4.41,4.29
07/23/2020,4.42,4.45,4.46,4.32
07/22/2020,4.48,4.52,4.63,4.46
07/21/2020,4.49,4.51,4.56,4.47
07/20/2020,4.49,4.54,4.56,4.44
,,,,
07/17/2020,4.53,4.62,4.72,4.52
07/16/2020,4.55,4.64,4.64,4.53
07/15/2020,4.61,4.8,4.8,4.56
07/14/2020,4.7,4.67,4.76,4.59
07/13/2020,4.62,4.67,4.71,4.59
,,,,
10/7/2020,4.61,4.7,4.75,4.57
9/7/2020,4.78,4.83,4.86,4.74
8/7/2020,4.78,4.71,4.84,4.66
7/7/2020,4.78,5.02,5.07,4.73
6/7/2020,4.87,4.44,4.89,4.44
,,,,
3/7/2020,4.43,4.4,4.44,4.33
2/7/2020,4.37,4.28,4.37,4.21
06/30/2020,4.19,4.24,4.27,4.16
06/29/2020,4.2,4.34,4.34,4.14
,,,,
06/26/2020,4.32,4.28,4.42,4.28
06/24/2020,4.44,4.5,4.5,4.42
06/23/2020,4.42,4.32,4.42,4.23
06/22/2020,4.35,4.44,4.44,4.32
,,,,
06/19/2020,4.45,4.41,4.48,4.37
06/18/2020,4.38,4.44,4.44,4.36
06/17/2020,4.43,4.36,4.46,4.33
06/16/2020,4.38,4.33,4.44,4.32
06/15/2020,4.25,4.31,4.33,4.22
,,,,
12/6/2020,4.33,4.37,4.39,4.29
11/6/2020,4.44,4.59,4.64,4.44
10/6/2020,4.64,4.67,4.73,4.61
9/6/2020,4.65,4.65,4.69,4.5
8/6/2020,4.6,4.67,4.7,4.56
,,,,
5/6/2020,4.62,4.47,4.63,4.45
4/6/2020,4.45,4.48,4.55,4.39
3/6/2020,4.45,4.45,4.47,4.41
2/6/2020,4.32,4.43,4.51,4.28
1/6/2020,4.42,4.46,4.55,4.4
,,,,
05/29/2020,4.329,4.406,4.435,4.291
05/28/2020,4.377,4.377,4.474,4.291
05/27/2020,4.377,4.358,4.397,4.31
05/26/2020,4.31,4.271,4.358,4.252
05/25/2020,4.233,4.223,4.262,4.165
,,,,
05/22/2020,4.242,4.484,4.493,4.175
05/21/2020,4.541,4.647,4.676,4.503
05/20/2020,4.58,4.744,4.773,4.57
05/19/2020,4.753,4.811,4.888,4.744
05/18/2020,4.705,4.628,4.744,4.561
,,,,
05/15/2020,4.58,4.57,4.618,4.503
05/14/2020,4.503,4.599,4.609,4.435
05/13/2020,4.618,4.763,4.763,4.599
12/5/2020,4.725,4.85,4.869,4.725
11/5/2020,4.831,4.831,4.908,4.821
,,,,
8/5/2020,4.802,4.753,4.821,4.734
7/5/2020,4.715,4.773,4.782,4.696
6/5/2020,4.782,4.725,4.821,4.705
5/5/2020,4.725,4.676,4.734,4.647
4/5/2020,4.618,4.715,4.821,4.58
,,,,
04/29/2020,4.831,4.917,4.917,4.802
04/28/2020,4.898,4.966,4.975,4.869
04/27/2020,4.985,4.85,4.985,4.84
,,,,
04/24/2020,4.792,4.802,4.917,4.773
04/23/2020,4.831,4.753,4.888,4.744
04/22/2020,4.725,4.676,4.763,4.58
04/21/2020,4.705,4.84,4.85,4.696
04/20/2020,4.879,4.821,4.917,4.782
,,,,
04/17/2020,4.821,4.802,4.917,4.782
04/16/2020,4.744,4.811,4.831,4.734
04/15/2020,4.85,5.062,5.072,4.84
04/14/2020,5.033,5.043,5.072,4.917
,,,,
9/4/2020,5.072,4.995,5.12,4.995
8/4/2020,4.975,5.11,5.139,4.956
7/4/2020,5.149,5.072,5.168,4.937
6/4/2020,4.956,4.667,4.985,4.667
,,,,
3/4/2020,4.667,4.609,4.696,4.484
2/4/2020,4.406,4.32,4.435,4.281
1/4/2020,4.281,4.339,4.377,4.252
03/31/2020,4.31,4.3,4.387,4.242
03/30/2020,4.204,4.156,4.32,4.117
,,,,
03/27/2020,4.214,4.416,4.484,4.204
03/26/2020,4.291,4.368,4.445,4.281
03/25/2020,4.406,4.474,4.532,4.281
03/24/2020,4.339,4.098,4.493,4.098
03/23/2020,3.934,3.982,4.117,3.934
,,,,
03/20/2020,4.204,3.886,4.214,3.886
03/19/2020,3.76,4.05,4.146,3.703
03/18/2020,4.03,4.339,4.416,4.021
03/17/2020,4.455,4.541,4.676,4.455
03/16/2020,4.628,4.705,4.773,4.599
,,,,
03/13/2020,4.821,4.628,4.869,4.57
12/3/2020,5.052,5.274,5.284,5.004
11/3/2020,5.39,5.592,5.602,5.39
10/3/2020,5.583,5.669,5.708,5.583
9/3/2020,5.66,5.824,5.824,5.65
,,,,
6/3/2020,5.911,5.988,6.007,5.882
5/3/2020,6.055,5.968,6.123,5.968
4/3/2020,5.959,5.968,6.007,5.949
3/3/2020,5.968,6.045,6.065,5.968
2/3/2020,6.026,6.055,6.074,5.939
,,,,
02/28/2020,5.93,5.959,6.026,5.92
02/27/2020,6.094,6.123,6.132,6.017
02/26/2020,6.084,6.055,6.19,6.055
02/25/2020,6.238,6.296,6.306,6.219
02/24/2020,6.344,6.412,6.412,6.306
,,,,
02/21/2020,6.45,6.45,6.537,6.422
02/20/2020,6.518,6.576,6.595,6.47
02/19/2020,6.547,6.479,6.547,6.45
02/18/2020,6.441,6.576,6.576,6.422
02/17/2020,6.547,6.46,6.566,6.45
,,,,
02/14/2020,6.47,6.45,6.499,6.422
02/13/2020,6.479,6.585,6.585,6.47
12/2/2020,6.508,6.46,6.557,6.46
11/2/2020,6.518,6.537,6.605,6.47
10/2/2020,6.518,6.557,6.576,6.489
,,,,
7/2/2020,6.663,6.566,6.672,6.508
6/2/2020,6.566,6.393,6.576,6.325
5/2/2020,6.306,6.277,6.315,6.2
4/2/2020,6.315,6.277,6.344,6.248
3/2/2020,6.306,6.296,6.441,6.287
,,,,
01/31/2020,6.306,6.325,6.364,6.296
01/30/2020,6.267,6.393,6.45,6.267
01/29/2020,6.422,6.47,6.47,6.364
,,,,
01/24/2020,6.557,6.518,6.595,6.518
01/23/2020,6.499,6.798,6.826,6.489
01/22/2020,6.884,6.913,6.913,6.769
01/21/2020,6.846,7.096,7.096,6.826
01/20/2020,7.096,7.039,7.106,6.981
,,,,
01/17/2020,6.904,6.933,6.981,6.875
01/16/2020,6.923,6.875,6.933,6.836
01/15/2020,6.855,6.923,7.019,6.817
01/14/2020,6.952,6.961,7.01,6.913
01/13/2020,6.865,6.875,6.894,6.807
,,,,
10/1/2020,6.807,6.846,6.875,6.74
9/1/2020,6.855,6.894,6.904,6.788
8/1/2020,6.817,6.865,6.865,6.74
7/1/2020,6.894,6.981,7.019,6.875
6/1/2020,6.961,7.029,7.029,6.894
,,,,
3/1/2020,7.029,7.077,7.096,7
2/1/2020,7.058,7.087,7.087,7
12/31/2019,7.077,7.039,7.106,7.019
12/30/2019,7.058,7.01,7.106,6.99
,,,,
12/27/2019,7.01,6.942,7.019,6.923
12/24/2019,6.933,6.923,6.99,6.865
12/23/2019,6.913,6.971,6.99,6.807
,,,,
12/20/2019,6.99,6.749,7,6.74
12/19/2019,6.749,6.769,6.769,6.605
12/18/2019,6.769,6.749,6.817,6.711
12/17/2019,6.759,6.72,6.798,6.672
12/16/2019,6.711,6.72,6.749,6.692
,,,,
12/13/2019,6.769,6.711,6.769,6.682
12/12/2019,6.663,6.605,6.711,6.576
11/12/2019,6.566,6.557,6.595,6.528
10/12/2019,6.614,6.605,6.653,6.566
9/12/2019,6.624,6.653,6.653,6.547
,,,,
6/12/2019,6.643,6.566,6.643,6.537
5/12/2019,6.537,6.566,6.566,6.479
4/12/2019,6.518,6.508,6.566,6.45
3/12/2019,6.518,6.364,6.518,6.364
2/12/2019,6.46,6.45,6.47,6.287
,,,,
11/29/2019,6.46,6.557,6.585,6.412
11/28/2019,6.653,6.798,6.798,6.614
11/27/2019,6.836,6.952,6.952,6.817
11/26/2019,6.913,7.183,7.183,6.913
11/25/2019,6.961,6.971,6.971,6.884
,,,,
11/22/2019,6.923,6.961,7,6.894
11/21/2019,6.942,7.048,7.048,6.855
11/20/2019,7.058,7.058,7.058,6.933
11/19/2019,7.116,6.923,7.125,6.913
11/18/2019,6.961,6.942,6.971,6.884
,,,,
11/15/2019,6.875,6.971,6.981,6.846
11/14/2019,6.904,6.99,7.01,6.865
11/13/2019,6.933,6.99,7.077,6.875
12/11/2019,7.096,7.203,7.203,7
11/11/2019,7.096,7.376,7.405,7.029
,,,,
8/11/2019,7.405,7.511,7.579,7.347
7/11/2019,7.559,7.521,7.598,7.492
6/11/2019,7.54,7.588,7.617,7.521
5/11/2019,7.579,7.607,7.607,7.511
4/11/2019,7.579,7.636,7.733,7.55
,,,,
1/11/2019,7.501,7.492,7.559,7.453
10/31/2019,7.492,7.588,7.617,7.492
10/30/2019,7.53,7.579,7.598,7.482
10/29/2019,7.598,7.675,7.742,7.55
10/28/2019,7.694,7.694,7.791,7.685
,,,,
10/25/2019,7.694,7.8,7.82,7.656
10/24/2019,7.81,7.82,7.858,7.723
10/23/2019,7.723,7.791,7.791,7.704
10/22/2019,7.733,8.041,8.041,7.704
10/21/2019,8.041,7.945,8.08,7.945
,,,,
10/18/2019,8.022,8.041,8.061,7.935
10/17/2019,8.022,7.974,8.07,7.906
10/16/2019,7.993,8.041,8.138,7.964
10/15/2019,8.08,8.282,8.311,8.07
10/14/2019,8.331,8.321,8.446,8.234
,,,,
11/10/2019,8.369,8.244,8.408,8.109
10/10/2019,8.138,8.051,8.186,7.955
9/10/2019,8.08,8.09,8.119,8.012
8/10/2019,8.109,8.003,8.186,8.003
,,,,
4/10/2019,8.061,8.176,8.263,8.012
3/10/2019,8.157,8.032,8.263,8.032
2/10/2019,8.138,7.887,8.205,7.877
09/30/2019,8.022,7.926,8.119,7.887
,,,,
09/27/2019,7.897,7.906,7.984,7.858
09/26/2019,7.906,7.926,7.964,7.8
09/25/2019,7.964,7.984,8.012,7.916
09/24/2019,7.974,7.964,8.032,7.945
09/23/2019,7.974,8.032,8.041,7.916
,,,,
09/20/2019,7.964,8.08,8.099,7.916
09/19/2019,7.984,8.09,8.09,7.974
09/18/2019,8.07,8.08,8.196,8.041
09/17/2019,8.012,8.07,8.119,7.974
09/16/2019,8.147,8.109,8.234,8.061
,,,,
09/13/2019,8.186,8.196,8.234,8.099
12/9/2019,8.167,8.176,8.196,7.993
11/9/2019,8.157,8.138,8.176,7.974
10/9/2019,8.138,8.08,8.254,8.032
9/9/2019,7.752,7.665,7.868,7.646
,,,,
6/9/2019,7.704,7.656,7.849,7.588
5/9/2019,7.656,7.685,7.752,7.588
4/9/2019,7.685,7.463,7.8,7.463
3/9/2019,7.473,7.482,7.54,7.395
2/9/2019,7.569,7.521,7.579,7.473
,,,,
08/30/2019,7.53,7.627,7.627,7.434
08/29/2019,7.55,7.473,7.579,7.405
08/28/2019,7.511,7.55,7.646,7.501
08/27/2019,7.511,7.617,7.617,7.463
08/26/2019,7.559,7.424,7.579,7.386
,,,,
08/23/2019,7.733,7.617,7.771,7.501
08/22/2019,7.598,7.81,7.81,7.54
08/21/2019,7.752,7.559,7.829,7.54
08/20/2019,7.569,7.405,7.781,7.405
08/19/2019,7.53,7.501,7.636,7.366
,,,,
08/16/2019,7.579,7.714,7.849,7.54
08/15/2019,7.54,6.836,7.617,6.798
08/14/2019,6.798,6.942,6.942,6.769
08/13/2019,6.865,6.855,6.99,6.855
12/8/2019,6.961,6.981,7.106,6.952
,,,,
9/8/2019,6.981,6.923,7.019,6.923
8/8/2019,6.904,6.904,7.039,6.855
7/8/2019,6.875,6.904,6.961,6.769
6/8/2019,6.952,6.788,7.048,6.711
5/8/2019,6.981,7.048,7.145,6.981
,,,,
2/8/2019,7.193,7.318,7.318,7.154
1/8/2019,7.395,7.482,7.482,7.299
07/31/2019,7.386,7.415,7.453,7.318
07/30/2019,7.473,7.53,7.55,7.444
07/29/2019,7.501,7.54,7.617,7.424
,,,,
07/26/2019,7.579,7.617,7.617,7.54
07/25/2019,7.656,7.646,7.685,7.617
07/24/2019,7.627,7.714,7.723,7.598
07/23/2019,7.733,7.762,7.8,7.714
07/22/2019,7.752,7.916,7.935,7.733
,,,,
07/19/2019,7.945,7.993,8.012,7.906
07/18/2019,7.916,7.858,7.935,7.849
07/17/2019,7.935,7.926,7.984,7.868
07/16/2019,8.012,8.022,8.08,7.964
07/15/2019,7.955,7.839,7.974,7.791
,,,,
12/7/2019,7.935,7.993,8.08,7.877
11/7/2019,8.022,8.099,8.109,8.012
10/7/2019,8.051,8.09,8.09,7.993
9/7/2019,8.032,8.061,8.08,7.906
8/7/2019,8.041,8.147,8.196,7.955
,,,,
5/7/2019,8.234,8.263,8.273,8.186
4/7/2019,8.244,8.234,8.292,8.196
3/7/2019,8.244,8.282,8.292,8.032
2/7/2019,8.34,8.437,8.437,8.302
,,,,
06/28/2019,8.263,8.34,8.34,8.157
06/27/2019,8.302,8.196,8.35,8.196
06/26/2019,8.167,8.147,8.186,8.099
06/25/2019,8.147,8.244,8.244,8.109
06/24/2019,8.205,8.292,8.292,8.128
,,,,
06/21/2019,8.244,8.34,8.446,8.244
06/20/2019,8.273,8.379,8.379,8.254
06/19/2019,8.196,8.244,8.282,8.119
06/18/2019,8.109,8.138,8.167,8.012
06/17/2019,8.061,8.186,8.205,8.032
,,,,
06/14/2019,8.147,8.254,8.273,8.109
06/13/2019,8.254,8.292,8.311,8.109
12/6/2019,8.061,8.09,8.167,7.964
11/6/2019,8.167,8.196,8.196,8.061
10/6/2019,8.147,8.032,8.186,8.032
,,,,
6/6/2019,8.099,8.186,8.186,8.032
5/6/2019,8.07,8.176,8.205,8.003
4/6/2019,8.09,8.196,8.205,8.012
3/6/2019,8.109,8.07,8.244,7.974
,,,,
05/31/2019,7.974,8.003,8.099,7.916
05/30/2019,8.061,8.099,8.128,8.022
05/29/2019,7.974,7.877,8.032,7.858
05/28/2019,7.887,7.887,7.974,7.858
05/27/2019,7.955,8.032,8.032,7.877
,,,,
05/24/2019,7.993,7.984,8.09,7.926
05/23/2019,7.974,8.099,8.119,7.839
05/22/2019,8.147,8.215,8.292,8.119
05/21/2019,8.167,8.196,8.254,8.099
05/20/2019,8.157,8.138,8.302,8.119
,,,,
05/17/2019,8.119,8.176,8.234,8.07
05/16/2019,8.119,8.176,8.292,8.08
05/15/2019,8.222,8.146,8.335,8.118
05/14/2019,8.184,8.118,8.222,7.956
,,,,
10/5/2019,8.373,8.477,8.487,8.307
9/5/2019,8.364,8.402,8.487,8.269
8/5/2019,8.496,8.477,8.638,8.449
7/5/2019,8.648,8.695,8.705,8.61
6/5/2019,8.61,8.657,8.695,8.43
,,,,
3/5/2019,8.781,8.601,8.837,8.544
2/5/2019,8.733,8.762,8.79,8.629
04/30/2019,8.818,8.97,8.97,8.752
04/29/2019,8.942,8.904,8.942,8.667
,,,,
04/26/2019,8.951,8.951,9.008,8.904
04/25/2019,8.989,8.989,9.017,8.837
04/24/2019,8.989,9.273,9.273,8.951
04/23/2019,9.065,9.046,9.169,8.998
,,,,
04/18/2019,9.178,9.188,9.245,9.103
04/17/2019,9.245,9.283,9.358,9.216
04/16/2019,9.358,9.226,9.377,9.14
04/15/2019,9.178,9.33,9.377,9.017
,,,,
12/4/2019,9.33,9.529,9.529,9.093
11/4/2019,9.472,9.661,9.661,9.368
10/4/2019,9.586,9.624,9.624,9.491
9/4/2019,9.586,9.567,9.68,9.472
8/4/2019,9.472,9.946,9.946,9.387
,,,,
4/4/2019,9.756,9.472,9.756,9.472
3/4/2019,9.453,9.472,9.605,9.425
2/4/2019,9.567,9.624,9.624,9.472
1/4/2019,9.529,9.567,9.643,9.425
,,,,
03/29/2019,9.425,9.661,9.756,9.406
03/28/2019,9.756,9.661,9.832,9.567
03/27/2019,9.586,9.567,9.851,9.548
03/26/2019,9.68,9.661,9.775,9.548
03/25/2019,9.605,9.453,9.756,9.415
,,,,
03/22/2019,9.68,10.002,10.002,9.605
03/21/2019,9.889,10.135,10.135,9.794
03/20/2019,10.002,9.984,10.097,9.908
03/19/2019,10.002,9.68,10.021,9.68
03/18/2019,9.756,9.548,9.775,9.463
,,,,
03/15/2019,9.415,9.387,9.491,9.311
03/14/2019,9.425,9.32,9.661,9.283
03/13/2019,9.122,9.14,9.302,9.046
12/3/2019,9.197,8.904,9.264,8.904
11/3/2019,8.866,8.695,8.913,8.676
,,,,
8/3/2019,8.667,8.866,8.885,8.638
7/3/2019,8.979,9.046,9.178,8.885
6/3/2019,9.065,9.216,9.273,9.027
5/3/2019,9.283,9.112,9.33,9.046
4/3/2019,9.283,9.188,9.453,9.15
,,,,
1/3/2019,9.197,8.837,9.245,8.837
02/28/2019,8.818,8.818,8.951,8.781
02/27/2019,8.828,8.752,9.264,8.657
02/26/2019,8.781,8.913,8.923,8.676
02/25/2019,8.837,8.998,9.084,8.828
,,,,
02/22/2019,8.989,8.951,8.998,8.866
02/21/2019,8.989,8.856,9.017,8.8
02/20/2019,8.894,8.79,9.084,8.714
02/19/2019,8.686,8.762,8.762,8.638
02/18/2019,8.837,8.762,8.885,8.733
,,,,
02/15/2019,8.686,8.847,8.856,8.657
02/14/2019,8.875,8.885,8.923,8.705
02/13/2019,8.885,8.62,8.951,8.582
12/2/2019,8.544,8.506,8.601,8.44
11/2/2019,8.572,8.411,8.61,8.402
,,,,
8/2/2019,8.477,8.345,8.496,8.288
4/2/2019,8.563,8.477,8.638,8.477
,,,,
1/2/2019,8.553,8.572,8.572,8.449
01/31/2019,8.477,8.43,8.591,8.373
01/30/2019,8.44,8.563,8.563,8.402
01/29/2019,8.496,8.449,8.506,8.392
01/28/2019,8.506,8.591,8.62,8.496
,,,,
01/25/2019,8.591,8.572,8.648,8.468
01/24/2019,8.553,8.638,8.638,8.421
01/23/2019,8.563,8.212,8.648,8.184
01/22/2019,8.212,8.193,8.288,8.127
01/21/2019,8.231,8.241,8.241,8.118
,,,,
01/18/2019,8.212,8.222,8.316,8.184
01/17/2019,8.184,8.316,8.326,8.146
01/16/2019,8.307,8.231,8.307,8.118
01/15/2019,8.231,7.966,8.288,7.956
01/14/2019,7.89,7.994,8.032,7.824
,,,,
11/1/2019,8.051,8.051,8.051,7.909
10/1/2019,8.051,8.127,8.127,7.994
9/1/2019,8.108,7.956,8.118,7.938
8/1/2019,7.852,7.947,7.956,7.767
7/1/2019,7.89,7.956,7.956,7.805
,,,,
4/1/2019,7.881,7.606,7.9,7.606
3/1/2019,7.653,7.672,7.72,7.597
2/1/2019,7.644,7.985,7.985,7.634
12/31/2018,7.919,7.805,7.956,7.786
,,,,
12/28/2018,7.701,7.786,7.786,7.672
12/27/2018,7.72,7.805,7.862,7.682
12/24/2018,7.767,7.919,7.928,7.682
,,,,
12/21/2018,7.938,8.042,8.099,7.919
12/20/2018,8.004,8.089,8.146,7.985
12/19/2018,8.127,8.174,8.174,8.08
12/18/2018,8.099,8.231,8.269,8.07
12/17/2018,8.222,8.26,8.316,8.165
,,,,
12/14/2018,8.231,8.222,8.25,8.108
12/13/2018,8.383,8.515,8.515,8.316
12/12/2018,8.345,8.459,8.459,8.316
11/12/2018,8.241,8.335,8.335,8.165
10/12/2018,8.127,8.212,8.297,8.08
,,,,
7/12/2018,8.288,8.411,8.459,8.26
6/12/2018,8.364,8.364,8.506,8.241
5/12/2018,8.496,8.515,8.601,8.477
4/12/2018,8.714,8.496,8.714,8.44
3/12/2018,8.62,8.638,8.676,8.582
,,,,
11/30/2018,8.591,8.601,8.61,8.421
11/29/2018,8.525,8.563,8.601,8.477
11/28/2018,8.487,8.43,8.525,8.364
11/27/2018,8.383,8.43,8.43,8.326
11/26/2018,8.364,8.241,8.364,8.222
,,,,
11/23/2018,8.222,8.25,8.269,8.184
11/22/2018,8.203,8.174,8.25,8.042
11/21/2018,8.231,8.07,8.241,8.07
11/20/2018,8.288,8.316,8.421,8.212
11/19/2018,8.383,8.335,8.487,8.316
,,,,
11/16/2018,8.335,8.241,8.335,8.212
11/15/2018,8.26,8.099,8.279,8.08
11/14/2018,8.061,8.335,8.335,8.004
11/13/2018,8.07,7.758,8.07,7.758
12/11/2018,7.956,7.956,8.004,7.881
,,,,
9/11/2018,7.966,8.174,8.184,7.919
8/11/2018,8.193,8.165,8.25,8.136
7/11/2018,8.051,8.051,8.146,7.966
6/11/2018,8.118,8.146,8.146,8.013
5/11/2018,7.956,7.928,8.07,7.928
,,,,
2/11/2018,8.089,7.938,8.089,7.843
1/11/2018,7.777,7.767,7.909,7.739
10/31/2018,7.71,7.672,7.795,7.672
10/30/2018,7.739,8.089,8.127,7.71
10/29/2018,8.136,8.288,8.392,8.108
,,,,
10/26/2018,8.269,8.335,8.392,8.212
10/25/2018,8.316,8.212,8.326,8.136
10/24/2018,8.402,8.487,8.525,8.316
10/23/2018,8.373,8.459,8.601,8.354
10/22/2018,8.449,8.364,8.525,8.354
,,,,
10/19/2018,8.231,8.307,8.316,8.099
10/18/2018,8.364,8.43,8.496,8.316
10/16/2018,8.402,8.383,8.43,8.307
10/15/2018,8.288,8.288,8.345,8.269
,,,,
12/10/2018,8.364,8.459,8.525,8.269
11/10/2018,8.345,8.383,8.506,8.26
10/10/2018,8.629,8.421,8.705,8.421
9/10/2018,8.411,8.544,8.582,8.373
8/10/2018,8.496,8.601,8.629,8.459
,,,,
5/10/2018,8.582,8.563,8.676,8.534
4/10/2018,8.591,8.553,8.629,8.487
3/10/2018,8.601,8.572,8.686,8.544
2/10/2018,8.582,8.676,8.743,8.544
,,,,
09/28/2018,8.733,8.733,8.809,8.667
09/27/2018,8.714,8.781,8.781,8.638
09/26/2018,8.695,8.724,8.79,8.62
09/24/2018,8.667,8.961,8.979,8.591
,,,,
09/21/2018,9.036,9.074,9.074,8.932
09/20/2018,9.046,8.979,9.093,8.961
09/19/2018,8.913,8.885,8.97,8.743
09/18/2018,8.856,8.676,8.913,8.676
09/17/2018,8.828,8.79,8.885,8.771
,,,,
09/14/2018,8.998,8.8,8.998,8.752
09/13/2018,8.733,8.638,8.762,8.506
12/9/2018,8.582,8.657,8.695,8.525
11/9/2018,8.676,8.79,8.79,8.572
10/9/2018,8.743,8.771,8.8,8.657
,,,,
7/9/2018,8.752,8.781,8.866,8.62
6/9/2018,8.837,8.762,8.951,8.714
5/9/2018,8.856,8.961,9.036,8.781
4/9/2018,9.074,8.572,9.254,8.534
3/9/2018,8.572,8.676,8.676,8.544
,,,,
08/31/2018,8.648,8.714,8.771,8.601
08/30/2018,8.733,8.818,8.847,8.724
08/29/2018,8.818,8.743,8.894,8.743
08/28/2018,8.809,8.828,8.856,8.733
08/27/2018,8.828,8.885,8.885,8.762
,,,,
08/24/2018,8.781,8.828,8.828,8.705
08/23/2018,8.856,8.951,8.97,8.762
08/22/2018,8.989,8.8,8.989,8.771
08/21/2018,8.885,8.62,8.885,8.601
08/20/2018,8.582,8.79,8.79,8.506
,,,,
08/17/2018,8.506,8.809,8.809,8.364
08/16/2018,8.657,8.695,8.989,8.601
08/15/2018,8.771,8.866,8.875,8.724
08/14/2018,8.8,8.894,8.894,8.733
08/13/2018,8.809,8.923,9.027,8.762
,,,,
10/8/2018,9.074,9.14,9.14,9.036
9/8/2018,9.103,9.027,9.112,8.904
8/8/2018,9.027,9.055,9.055,8.97
7/8/2018,8.989,9.027,9.046,8.932
6/8/2018,8.97,8.979,9.074,8.913
,,,,
3/8/2018,9.027,9.093,9.112,8.97
2/8/2018,9.046,9.159,9.273,8.951
1/8/2018,9.283,9.14,9.358,9.14
07/31/2018,9.159,9.235,9.349,9.122
07/30/2018,9.235,9.093,9.264,9.093
,,,,
07/27/2018,9.122,9.14,9.178,9.065
07/26/2018,9.159,9.283,9.283,9.103
07/25/2018,9.216,9.093,9.216,9.065
07/24/2018,9.112,8.828,9.112,8.828
07/23/2018,8.97,8.998,8.998,8.856
,,,,
07/20/2018,8.866,8.847,8.923,8.781
07/19/2018,8.781,8.866,8.866,8.733
07/18/2018,8.8,8.904,8.942,8.733
07/17/2018,8.856,8.856,8.951,8.837
07/16/2018,8.904,8.961,8.979,8.809
,,,,
07/13/2018,8.942,8.932,9.017,8.885
12/7/2018,8.923,8.932,8.989,8.856
11/7/2018,8.97,8.913,9.008,8.818
10/7/2018,9.093,9.169,9.216,9.065
9/7/2018,9.084,9.027,9.216,8.979
,,,,
6/7/2018,8.913,8.961,9.055,8.856
5/7/2018,8.894,8.989,9.093,8.771
4/7/2018,8.989,9.093,9.159,8.923
3/7/2018,9.084,9.425,9.425,8.885
,,,,
06/29/2018,9.283,9.33,9.339,9.15
06/28/2018,9.292,9.15,9.425,9.15
06/27/2018,9.216,9.226,9.415,9.159
06/26/2018,9.122,9.131,9.358,9.074
06/25/2018,9.178,9.358,9.358,9.14
,,,,
06/22/2018,9.273,9.074,9.32,9.074
06/21/2018,9.169,9.339,9.358,9.103
06/20/2018,9.32,9.358,9.415,9.216
06/19/2018,9.358,9.283,9.529,9.188
,,,,
06/15/2018,9.548,9.453,9.661,9.425
06/14/2018,9.567,9.51,9.661,9.472
06/13/2018,9.643,9.756,9.794,9.605
12/6/2018,9.756,9.756,9.832,9.643
11/6/2018,9.699,9.889,9.889,9.51
,,,,
8/6/2018,9.775,10.097,10.23,9.699
7/6/2018,10.287,10.268,10.381,10.23
6/6/2018,10.268,10.324,10.324,10.173
5/6/2018,10.287,10.154,10.343,10.154
4/6/2018,10.268,10.287,10.324,10.097
,,,,
1/6/2018,10.078,10.04,10.192,10.002
05/31/2018,10.097,10.04,10.192,9.965
05/30/2018,10.059,10.135,10.154,9.965
05/29/2018,10.306,10.514,10.514,10.268
05/28/2018,10.59,10.647,10.665,10.381
,,,,
05/25/2018,10.533,10.684,10.684,10.514
05/24/2018,10.609,10.438,10.684,10.343
05/23/2018,10.362,10.628,10.628,10.324
05/21/2018,10.647,10.779,10.836,10.59
,,,,
05/18/2018,10.798,10.665,10.836,10.514
05/17/2018,10.722,10.514,10.779,10.514
05/16/2018,10.571,10.23,10.571,10.23
05/15/2018,10.435,10.435,10.623,10.359
05/14/2018,10.265,10.284,10.359,10.19
,,,,
11/5/2018,10.265,10.133,10.34,10.133
10/5/2018,10.058,10.114,10.133,9.983
9/5/2018,10.114,10.209,10.209,10.02
8/5/2018,10.19,10.284,10.284,10.114
7/5/2018,10.265,10.058,10.378,10.039
,,,,
4/5/2018,10.039,10.171,10.284,10.001
3/5/2018,10.265,10.34,10.34,10.096
2/5/2018,10.359,10.359,10.491,10.322
04/30/2018,10.529,10.322,10.604,10.322
,,,,
04/27/2018,10.284,10.171,10.284,10.02
04/26/2018,10.02,10.133,10.133,9.964
04/25/2018,10.001,10.058,10.096,9.945
04/24/2018,10.133,10.133,10.19,9.983
04/23/2018,10.114,9.983,10.322,9.926
,,,,
04/20/2018,9.794,9.794,9.87,9.719
04/19/2018,9.888,9.719,9.888,9.644
04/18/2018,9.662,9.625,9.681,9.531
04/17/2018,9.512,9.719,9.719,9.436
04/16/2018,9.681,9.738,9.757,9.587
,,,,
04/13/2018,9.738,9.738,9.757,9.606
12/4/2018,9.7,9.587,9.757,9.512
11/4/2018,9.512,9.625,9.625,9.361
10/4/2018,9.606,9.606,9.681,9.531
9/4/2018,9.606,9.474,9.644,9.408
,,,,
6/4/2018,9.436,9.154,9.455,9.154
4/4/2018,9.154,9.493,9.493,9.097
3/4/2018,9.37,9.323,9.493,9.305
,,,,
03/29/2018,9.323,9.239,9.399,9.116
03/28/2018,9.144,9.22,9.248,9.088
03/27/2018,9.267,9.182,9.342,9.069
03/26/2018,8.777,8.749,8.843,8.664
,,,,
03/23/2018,8.824,8.758,8.852,8.683
03/22/2018,9.107,9.239,9.276,9.088
03/21/2018,9.135,9.267,9.305,9.116
03/20/2018,9.201,9.116,9.229,9.088
03/19/2018,9.182,9.097,9.267,9.097
,,,,
03/16/2018,9.116,9.192,9.239,9.088
03/15/2018,8.984,8.947,9.078,8.947
03/14/2018,9.069,8.984,9.097,8.965
03/13/2018,9.078,9.154,9.257,9.041
12/3/2018,9.239,9.248,9.323,9.182
,,,,
9/3/2018,9.173,9.182,9.229,9.097
8/3/2018,9.041,8.975,9.088,8.89
7/3/2018,8.9,8.975,8.975,8.843
6/3/2018,8.975,8.956,9.031,8.805
5/3/2018,8.815,9.286,9.361,8.749
,,,,
2/3/2018,9.37,9.333,9.38,9.201
1/3/2018,9.493,9.436,9.531,9.418
02/28/2018,9.549,9.512,9.568,9.455
02/27/2018,9.531,9.587,9.644,9.455
02/26/2018,9.549,9.7,9.757,9.512
,,,,
02/23/2018,9.7,9.625,9.738,9.587
02/22/2018,9.549,9.512,9.662,9.512
02/21/2018,9.662,9.512,9.738,9.474
02/20/2018,9.549,9.493,9.644,9.436
,,,,
02/15/2018,9.606,9.606,9.662,9.531
02/14/2018,9.493,9.295,9.531,9.239
02/13/2018,9.361,9.399,9.568,9.295
12/2/2018,9.399,9.662,9.719,9.361
,,,,
9/2/2018,9.662,9.964,9.964,9.606
8/2/2018,10.114,9.983,10.284,9.983
7/2/2018,10.265,10.642,10.642,10.19
6/2/2018,10.51,10.661,10.887,10.453
5/2/2018,11.113,10.736,11.226,10.736
,,,,
2/2/2018,10.962,11.037,11.094,10.924
1/2/2018,11.019,11.037,11.113,10.981
01/31/2018,11.037,10.943,11.075,10.83
01/30/2018,10.943,10.868,11,10.83
01/29/2018,10.962,11.019,11.113,10.849
,,,,
01/26/2018,10.981,11.113,11.132,10.924
01/25/2018,11.037,10.736,11.245,10.717
01/24/2018,10.679,10.585,10.698,10.548
01/23/2018,10.585,10.604,10.661,10.566
01/22/2018,10.604,10.755,10.755,10.548
,,,,
01/19/2018,10.736,10.642,10.905,10.623
01/18/2018,10.717,10.453,10.755,10.435
01/17/2018,10.416,10.303,10.435,10.171
01/16/2018,10.303,10.209,10.359,10.152
01/15/2018,10.19,10.152,10.322,10.077
,,,,
12/1/2018,10.114,10.435,10.435,10.001
11/1/2018,10.246,10.397,10.416,10.171
10/1/2018,10.397,10.435,10.453,10.322
9/1/2018,10.397,10.322,10.453,10.227
8/1/2018,10.284,10.227,10.34,10.227
,,,,
5/1/2018,10.209,10.171,10.265,10.152
4/1/2018,10.246,10.246,10.246,10.152
3/1/2018,10.246,10.227,10.322,10.171
2/1/2018,10.246,9.964,10.359,9.964
,,,,
12/29/2017,9.945,9.926,10.001,9.851
12/28/2017,9.926,9.983,10.001,9.813
12/27/2017,9.945,9.945,9.983,9.832
,,,,
12/22/2017,9.888,9.907,9.964,9.813
12/21/2017,9.851,9.813,9.888,9.719
12/20/2017,9.794,9.794,9.983,9.719
12/19/2017,9.87,9.794,9.888,9.757
12/18/2017,9.888,9.907,9.964,9.738
,,,,
12/15/2017,9.983,10.039,10.133,9.907
12/14/2017,10.096,10.133,10.322,10.077
12/13/2017,10.152,9.945,10.209,9.926
12/12/2017,9.907,9.964,10.02,9.888
11/12/2017,10.02,9.983,10.077,9.851
,,,,
8/12/2017,10.001,10.001,10.096,9.813
7/12/2017,10.096,10.284,10.322,10.001
6/12/2017,10.322,10.548,10.566,10.284
5/12/2017,10.548,10.642,10.698,10.51
4/12/2017,10.698,10.717,10.792,10.604
,,,,
1/12/2017,10.736,10.661,10.755,10.585
11/30/2017,10.661,10.755,10.849,10.566
11/29/2017,10.849,10.962,11,10.736
11/28/2017,10.924,10.811,10.962,10.661
11/27/2017,10.83,11.037,11.075,10.792
,,,,
11/24/2017,11.037,11.188,11.188,10.943
11/23/2017,11.094,11.245,11.245,11.019
11/22/2017,11.207,11.169,11.263,11.113
11/21/2017,11.037,10.887,11.113,10.887
11/20/2017,10.962,10.981,11.037,10.83
,,,,
11/17/2017,10.981,10.981,11.282,10.981
11/16/2017,10.962,11.113,11.113,10.924
11/15/2017,11.056,11.207,11.282,11.037
11/14/2017,11.207,11.395,11.546,11.207
11/13/2017,11.471,11.226,11.565,11.15
,,,,
10/11/2017,11.245,11.132,11.452,11.132
9/11/2017,11.207,11.15,11.358,11.132
8/11/2017,11.188,11.15,11.339,11.132
7/11/2017,11.301,11.094,11.471,11.037
6/11/2017,11.037,11.056,11.132,10.868
,,,,
3/11/2017,11.094,10.981,11.15,10.887
2/11/2017,10.943,10.811,11.056,10.755
1/11/2017,10.792,10.472,10.849,10.397
10/31/2017,10.435,10.51,10.604,10.397
10/30/2017,10.566,10.698,10.717,10.529
,,,,
10/27/2017,10.736,10.491,10.962,10.491
10/26/2017,10.529,10.566,10.679,10.51
10/25/2017,10.642,10.717,10.717,10.623
10/24/2017,10.661,10.679,10.736,10.623
10/23/2017,10.604,10.661,10.661,10.548
,,,,
10/20/2017,10.566,10.83,10.849,10.548
10/19/2017,10.51,10.717,10.755,10.416
10/18/2017,10.679,10.642,10.717,10.548
10/17/2017,10.717,10.698,10.774,10.623
10/16/2017,10.661,10.642,10.698,10.585
,,,,
10/13/2017,10.548,10.642,10.642,10.378
12/10/2017,10.585,10.642,10.698,10.529
11/10/2017,10.548,10.548,10.623,10.453
10/10/2017,10.472,10.322,10.585,10.265
9/10/2017,10.303,10.34,10.416,10.265
,,,,
6/10/2017,10.378,10.529,10.529,10.359
4/10/2017,10.359,10.472,10.51,10.322
3/10/2017,10.378,10.359,10.397,10.265
,,,,
09/29/2017,10.227,10.284,10.378,10.133
09/28/2017,10.284,10.548,10.566,10.19
09/27/2017,10.548,10.529,10.604,10.472
09/26/2017,10.529,10.566,10.566,10.453
09/25/2017,10.566,10.755,10.755,10.472
,,,,
09/22/2017,10.736,10.83,10.868,10.661
09/21/2017,10.868,10.774,11.075,10.774
09/20/2017,10.774,10.548,10.924,10.51
09/19/2017,10.378,10.435,10.51,10.322
09/18/2017,10.529,10.548,10.604,10.435
,,,,
09/15/2017,10.453,10.416,10.472,10.284
09/14/2017,10.416,10.378,10.51,10.303
09/13/2017,10.453,10.642,10.642,10.378
12/9/2017,10.623,10.717,10.774,10.529
11/9/2017,10.698,10.736,10.774,10.661
,,,,
8/9/2017,10.679,10.661,10.717,10.604
7/9/2017,10.698,10.623,10.849,10.585
6/9/2017,10.623,10.698,10.717,10.472
5/9/2017,10.698,10.811,10.868,10.661
4/9/2017,10.755,10.717,10.792,10.566
,,,,
1/9/2017,10.736,10.698,10.774,10.566
08/31/2017,10.736,10.868,10.868,10.642
08/30/2017,10.83,10.83,10.849,10.661
08/29/2017,10.83,10.792,10.849,10.397
08/28/2017,10.792,11,11.075,10.679
,,,,
08/25/2017,10.943,10.924,11.245,10.811
08/24/2017,11,11.678,11.715,10.924
08/22/2017,11.339,11.772,11.941,11.263
08/21/2017,11.64,11.64,12.469,11.527
,,,,
08/18/2017,11.245,11.245,11.245,11.245
08/17/2017,11.245,11.245,11.245,11.245
08/16/2017,11.245,11.245,11.245,11.245
08/15/2017,11.245,11.226,11.527,11.094
08/14/2017,11.32,10.943,11.546,10.83
,,,,
11/8/2017,10.717,10.981,10.981,10.604
10/8/2017,11,11.094,11.188,10.755
9/8/2017,11.169,11.094,11.207,10.962
8/8/2017,11.094,11,11.15,10.943
7/8/2017,11,11.188,11.207,10.924
,,,,
4/8/2017,11.037,10.792,11.188,10.698
3/8/2017,10.962,10.736,11.245,10.736
2/8/2017,10.717,10.604,10.868,10.529
1/8/2017,10.491,10.698,10.698,10.435
07/31/2017,10.679,10.736,10.811,10.566
,,,,
07/28/2017,10.736,10.642,10.83,10.604
07/27/2017,10.736,10.717,10.887,10.717
07/26/2017,10.736,10.83,10.943,10.736
07/25/2017,10.849,11.113,11.132,10.792
07/24/2017,11,10.924,11.075,10.717
,,,,
07/21/2017,10.755,10.774,10.849,10.642
07/20/2017,10.774,10.811,10.811,10.642
07/19/2017,10.774,10.811,10.887,10.736
07/18/2017,10.736,10.698,10.774,10.642
07/17/2017,10.679,10.642,10.736,10.491
,,,,
07/14/2017,10.51,10.397,10.585,10.397
07/13/2017,10.397,10.378,10.604,10.322
12/7/2017,10.265,10.284,10.416,10.096
11/7/2017,10.284,10.284,10.34,10.133
10/7/2017,10.209,9.813,10.284,9.813
,,,,
7/7/2017,9.832,9.907,9.945,9.775
6/7/2017,9.983,10.077,10.227,9.907
5/7/2017,10.171,10.303,10.303,9.926
4/7/2017,10.604,10.755,10.905,10.548
3/7/2017,10.849,10.849,10.924,10.755
,,,,
06/30/2017,10.924,10.849,11,10.736
06/29/2017,11.019,11,11.075,10.924
06/28/2017,10.943,10.924,11.094,10.887
06/27/2017,11,11.019,11.094,10.924
06/26/2017,11.019,10.981,11.113,10.962
,,,,
06/23/2017,11.019,11.207,11.395,11
06/22/2017,10.83,10.642,11.056,10.642
06/21/2017,10.736,10.642,10.774,10.623
06/20/2017,10.774,10.679,10.792,10.623
06/19/2017,10.661,10.717,10.774,10.623
,,,,
06/16/2017,10.642,10.472,10.642,10.472
06/15/2017,10.548,10.585,10.661,10.491
06/14/2017,10.604,10.774,10.774,10.416
06/13/2017,10.548,10.548,10.642,10.453
12/6/2017,10.491,10.623,10.642,10.284
,,,,
9/6/2017,10.661,10.83,10.83,10.585
8/6/2017,10.792,10.774,10.811,10.679
7/6/2017,10.792,10.642,10.83,10.642
6/6/2017,10.755,10.736,10.849,10.661
5/6/2017,10.717,10.491,10.736,10.472
,,,,
2/6/2017,10.566,10.548,10.83,10.548
1/6/2017,10.642,10.604,10.905,10.548
05/31/2017,10.529,10.642,10.661,10.453
05/29/2017,10.679,10.566,10.698,10.453
,,,,
05/26/2017,10.529,10.585,10.623,10.378
05/25/2017,10.491,10.604,10.679,10.416
05/24/2017,10.566,10.133,10.679,10.133
05/23/2017,10.133,9.775,10.19,9.738
05/22/2017,9.757,9.7,9.832,9.531
,,,,
05/19/2017,9.738,9.7,9.813,9.662
05/18/2017,9.644,9.888,9.926,9.606
05/17/2017,9.964,9.983,9.983,9.775
05/16/2017,9.983,10.02,10.077,9.888
05/15/2017,10.02,9.888,10.02,9.832
,,,,
12/5/2017,9.794,9.625,9.851,9.625
11/5/2017,9.681,9.851,9.851,9.606
10/5/2017,9.775,9.455,9.87,9.455
9/5/2017,9.455,9.436,9.455,9.248
8/5/2017,9.399,9.512,9.531,9.323
,,,,
5/5/2017,9.455,9.512,9.549,9.333
4/5/2017,9.512,9.455,9.512,9.399
2/5/2017,9.474,9.512,9.549,9.418
,,,,
04/28/2017,9.455,9.531,9.644,9.408
04/27/2017,9.568,9.662,9.662,9.493
04/26/2017,9.531,9.738,9.794,9.512
04/25/2017,9.644,9.681,9.813,9.587
04/24/2017,9.662,9.794,9.87,9.418
,,,,
04/21/2017,9.606,9.813,9.888,9.549
04/20/2017,9.775,9.531,9.775,9.531
04/19/2017,9.531,9.512,9.662,9.436
04/18/2017,9.606,9.907,9.926,9.587
,,,,
04/13/2017,10.02,9.888,10.114,9.832
12/4/2017,9.888,10.02,10.02,9.794
11/4/2017,9.964,10.077,10.096,9.794
10/4/2017,9.945,10.322,10.322,9.888
,,,,
7/4/2017,10.322,9.945,10.34,9.832
6/4/2017,9.832,10.548,10.548,9.813
5/4/2017,10.227,10.227,10.227,10.227
3/4/2017,10.227,9.888,10.322,9.794
,,,,
03/31/2017,9.794,9.926,9.945,9.775
03/30/2017,9.888,9.983,9.983,9.738
03/29/2017,9.888,9.926,10.039,9.832
03/28/2017,9.87,9.964,9.964,9.775
03/27/2017,9.907,9.851,10.133,9.794
,,,,
03/24/2017,9.851,9.549,9.945,9.474
03/23/2017,9.531,9.512,9.587,9.37
03/22/2017,9.493,9.474,9.587,9.418
03/21/2017,9.587,9.606,9.757,9.531
03/20/2017,9.606,9.7,9.87,9.568
,,,,
03/17/2017,9.7,9.549,9.813,9.512
03/16/2017,9.474,9.399,9.531,9.22
03/15/2017,9.003,8.994,9.031,8.947
03/14/2017,8.994,9.003,9.107,8.909
03/13/2017,9.031,9.013,9.05,8.909
,,,,
10/3/2017,8.994,8.947,9.013,8.871
9/3/2017,8.984,8.937,9.069,8.937
8/3/2017,9.022,8.758,9.163,8.739
7/3/2017,8.834,8.768,8.984,8.721
6/3/2017,8.777,8.73,8.815,8.683
,,,,
3/3/2017,8.777,8.777,8.843,8.711
2/3/2017,8.834,8.928,8.937,8.796
1/3/2017,8.881,8.89,9.031,8.796
02/28/2017,8.89,8.956,8.984,8.815
02/27/2017,8.975,9.069,9.276,8.937
,,,,
02/24/2017,9.041,8.758,9.144,8.739
02/23/2017,8.787,8.787,8.834,8.692
02/22/2017,8.777,8.834,8.834,8.739
02/21/2017,8.758,8.843,8.918,8.739
02/20/2017,8.805,8.862,8.918,8.805
,,,,
02/17/2017,8.843,8.787,8.871,8.758
02/16/2017,8.805,8.843,8.909,8.749
02/15/2017,8.871,8.89,8.928,8.815
02/14/2017,8.843,9.003,9.003,8.777
02/13/2017,8.965,9.013,9.013,8.918
,,,,
10/2/2017,8.937,8.965,9.069,8.918
9/2/2017,8.918,9.003,9.003,8.871
8/2/2017,8.965,8.928,9.041,8.89
7/2/2017,8.9,8.758,8.994,8.73
6/2/2017,8.674,8.739,8.739,8.645
,,,,
3/2/2017,8.674,8.73,8.739,8.57
2/2/2017,8.674,8.674,8.73,8.645
1/2/2017,8.664,8.674,8.711,8.608
,,,,
01/27/2017,8.683,8.655,8.758,8.617
01/26/2017,8.655,8.335,8.692,8.325
01/25/2017,8.353,8.448,8.466,8.325
01/24/2017,8.429,8.372,8.438,8.335
01/23/2017,8.316,8.344,8.382,8.278
,,,,
01/20/2017,8.297,8.344,8.363,8.231
01/19/2017,8.353,8.4,8.429,8.297
01/18/2017,8.41,8.335,8.466,8.278
01/17/2017,8.335,8.25,8.335,8.184
01/16/2017,8.25,8.391,8.438,8.165
,,,,
01/13/2017,8.4,8.344,8.457,8.306
12/1/2017,8.316,8.41,8.448,8.269
11/1/2017,8.41,8.57,8.598,8.335
10/1/2017,8.57,8.702,8.805,8.542
9/1/2017,8.73,8.73,8.805,8.702
,,,,
6/1/2017,8.683,8.721,8.749,8.636
5/1/2017,8.674,8.57,8.758,8.561
4/1/2017,8.57,8.589,8.683,8.532
3/1/2017,8.598,8.476,8.626,8.476
,,,,
12/30/2016,8.504,8.532,8.645,8.466
12/29/2016,8.485,8.429,8.542,8.429
12/28/2016,8.551,8.391,8.598,8.391
,,,,
12/23/2016,8.457,8.363,8.561,8.278
12/22/2016,8.391,8.485,8.561,8.344
12/21/2016,8.504,8.382,8.721,8.382
12/20/2016,8.448,8.41,8.532,8.391
12/19/2016,8.485,8.542,8.598,8.448
,,,,
12/16/2016,8.551,8.617,8.721,8.419
12/15/2016,8.674,8.843,8.871,8.617
12/14/2016,8.947,8.947,9.031,8.9
12/13/2016,8.965,8.777,9.05,8.683
12/12/2016,8.787,9.088,9.154,8.749
,,,,
9/12/2016,9.135,9.013,9.135,8.881
8/12/2016,8.947,8.89,9.116,8.89
7/12/2016,8.815,8.956,8.965,8.721
6/12/2016,8.928,9.013,9.013,8.824
5/12/2016,8.862,8.947,9.013,8.805
,,,,
2/12/2016,8.947,9.229,9.248,8.871
1/12/2016,9.257,8.852,9.399,8.796
11/30/2016,8.871,8.353,9.078,8.287
11/29/2016,8.259,8.193,8.391,8.193
11/28/2016,8.287,8.457,8.495,8.24
,,,,
11/25/2016,8.429,8.438,8.457,8.353
11/24/2016,8.4,8.344,8.485,8.335
11/23/2016,8.4,8.457,8.495,8.325
11/22/2016,8.532,8.457,8.551,8.372
11/21/2016,8.485,8.645,8.645,8.41
,,,,
11/18/2016,8.542,8.231,8.57,8.146
11/17/2016,8.221,8.005,8.259,7.958
11/16/2016,8.024,8.052,8.127,7.958
11/15/2016,8.005,8.024,8.061,7.92
11/14/2016,8.024,8.174,8.203,7.911
,,,,
11/11/2016,8.099,8.382,8.4,8.052
10/11/2016,8.429,8.476,8.523,8.382
9/11/2016,8.325,8.561,8.57,8.174
8/11/2016,8.532,8.561,8.598,8.476
7/11/2016,8.561,8.589,8.626,8.504
,,,,
4/11/2016,8.523,8.495,8.787,8.485
3/11/2016,8.532,8.485,8.598,8.429
2/11/2016,8.429,8.504,8.542,8.391
1/11/2016,8.608,8.504,8.664,8.504
10/31/2016,8.561,8.532,8.589,8.495
,,,,
10/28/2016,8.579,8.617,8.655,8.551
10/27/2016,8.655,8.617,8.674,8.504
10/26/2016,8.664,8.739,8.749,8.626
10/25/2016,8.777,8.805,8.815,8.692
10/24/2016,8.862,8.824,8.89,8.636
,,,,
10/20/2016,8.881,8.975,8.994,8.843
10/19/2016,8.909,8.852,9.154,8.815
10/18/2016,9.031,8.994,9.116,8.947
10/17/2016,9.041,9.107,9.182,8.909
,,,,
10/14/2016,9.305,9.088,9.342,9.05
10/13/2016,9.05,9.182,9.201,8.956
12/10/2016,9.182,9.361,9.361,9.097
11/10/2016,9.361,9.116,9.418,9.107
,,,,
7/10/2016,8.862,8.956,8.956,8.768
6/10/2016,8.9,8.947,8.975,8.824
5/10/2016,8.918,8.862,8.994,8.862
4/10/2016,8.9,8.9,9.022,8.871
3/10/2016,8.918,8.965,8.965,8.843
,,,,
09/30/2016,8.768,8.852,8.965,8.768
09/29/2016,8.994,9.041,9.163,8.9
09/28/2016,8.984,8.928,9.013,8.871
09/27/2016,8.89,8.871,8.965,8.749
09/26/2016,8.834,8.928,8.928,8.758
,,,,
09/23/2016,8.928,9.126,9.126,8.881
09/22/2016,8.561,8.664,8.702,8.532
09/21/2016,8.57,8.636,8.636,8.523
09/20/2016,8.626,8.674,8.674,8.476
09/19/2016,8.674,8.758,8.862,8.645
,,,,
09/15/2016,8.523,8.542,8.589,8.363
09/14/2016,8.542,8.495,8.561,8.438
09/13/2016,8.457,8.513,8.645,8.438
12/9/2016,8.438,8.57,8.598,8.391
,,,,
9/9/2016,8.843,8.739,8.843,8.674
8/9/2016,8.739,8.608,8.881,8.579
7/9/2016,8.626,8.645,8.692,8.542
6/9/2016,8.711,8.674,8.711,8.598
5/9/2016,8.692,8.617,8.73,8.608
,,,,
2/9/2016,8.532,8.457,8.589,8.4
1/9/2016,8.41,8.297,8.523,8.137
08/31/2016,8.278,8.41,8.438,8.269
08/30/2016,8.419,8.495,8.542,8.363
08/29/2016,8.419,8.608,8.608,8.372
,,,,
08/26/2016,8.589,8.513,8.608,8.466
08/25/2016,8.523,8.476,8.579,8.457
08/24/2016,8.551,8.57,8.617,8.438
08/23/2016,8.551,8.608,8.692,8.513
08/22/2016,8.702,8.805,8.805,8.57
,,,,
08/19/2016,8.815,8.57,8.843,8.532
08/18/2016,8.523,8.118,8.561,8.118
08/17/2016,7.911,7.939,8.043,7.882
08/16/2016,7.901,7.882,7.93,7.798
08/15/2016,7.864,7.873,7.892,7.798
,,,,
12/8/2016,7.873,7.788,7.882,7.722
11/8/2016,7.694,7.769,7.835,7.675
10/8/2016,7.769,7.817,7.845,7.732
9/8/2016,7.845,7.845,7.873,7.779
8/8/2016,7.864,7.722,7.864,7.685
,,,,
5/8/2016,7.675,7.628,7.704,7.609
4/8/2016,7.609,7.704,7.732,7.553
3/8/2016,7.675,7.628,7.704,7.609
1/8/2016,7.788,7.769,7.854,7.704
,,,,
07/29/2016,7.788,7.807,7.864,7.732
07/28/2016,7.835,7.835,7.864,7.751
07/27/2016,7.835,7.817,7.892,7.76
07/26/2016,7.741,7.6,7.854,7.591
07/25/2016,7.619,7.647,7.656,7.562
,,,,
07/22/2016,7.6,7.628,7.656,7.496
07/21/2016,7.656,7.402,7.656,7.374
07/20/2016,7.402,7.383,7.478,7.355
07/19/2016,7.421,7.628,7.628,7.365
07/18/2016,7.619,7.638,7.666,7.562
,,,,
07/15/2016,7.638,7.638,7.694,7.572
07/14/2016,7.628,7.534,7.647,7.496
07/13/2016,7.506,7.534,7.543,7.44
12/7/2016,7.496,7.421,7.525,7.393
11/7/2016,7.421,7.487,7.506,7.299
,,,,
8/7/2016,7.515,7.581,7.591,7.43
7/7/2016,7.647,7.525,7.647,7.487
6/7/2016,7.412,7.478,7.496,7.346
5/7/2016,7.543,7.6,7.628,7.515
4/7/2016,7.638,7.647,7.704,7.591
,,,,
06/30/2016,7.553,7.459,7.619,7.44
06/29/2016,7.365,7.346,7.402,7.317
06/28/2016,7.317,7.28,7.393,7.28
06/27/2016,7.468,7.355,7.506,7.308
,,,,
06/24/2016,7.43,7.675,7.76,7.251
06/23/2016,7.732,7.76,7.807,7.694
06/22/2016,7.732,7.656,7.769,7.6
06/21/2016,7.694,7.656,7.732,7.609
06/20/2016,7.638,7.515,7.638,7.487
,,,,
06/17/2016,7.459,7.459,7.506,7.355
06/16/2016,7.346,7.562,7.572,7.317
06/15/2016,7.581,7.647,7.732,7.572
06/14/2016,7.713,7.864,7.892,7.6
06/13/2016,7.769,8.024,8.043,7.751
,,,,
10/6/2016,8.108,8.108,8.212,8.061
8/6/2016,8.203,8.099,8.24,8.099
7/6/2016,8.184,7.977,8.193,7.901
6/6/2016,7.948,8.09,8.108,7.892
,,,,
3/6/2016,8.052,8.099,8.165,7.967
2/6/2016,8.052,8.193,8.193,7.986
1/6/2016,8.127,7.911,8.165,7.911
05/31/2016,7.901,7.911,8.005,7.882
05/30/2016,7.939,7.779,7.995,7.722
,,,,
05/27/2016,7.779,7.873,7.882,7.722
05/26/2016,7.911,7.958,7.986,7.882
05/25/2016,7.901,8.005,8.005,7.864
05/24/2016,7.732,7.967,7.967,7.656
05/23/2016,7.948,7.948,8.024,7.911
,,,,
05/20/2016,7.986,7.873,8.061,7.873
05/19/2016,7.873,7.948,8.005,7.817
05/18/2016,8.024,8.071,8.165,7.93
05/17/2016,8.203,8.118,8.212,8.005
05/16/2016,8.191,8.062,8.228,8.044
,,,,
05/13/2016,8.173,8.117,8.173,8.071
12/5/2016,8.136,8.062,8.182,8.035
11/5/2016,8.117,8.136,8.173,7.915
10/5/2016,8.136,8.025,8.154,8.025
9/5/2016,8.108,8.136,8.191,8.025
,,,,
6/5/2016,8.081,8.228,8.292,8.062
5/5/2016,8.301,8.228,8.338,8.209
4/5/2016,8.347,8.246,8.412,8.228
3/5/2016,8.347,8.624,8.624,8.329
,,,,
04/29/2016,8.43,8.449,8.476,8.393
04/28/2016,8.504,8.67,8.688,8.449
04/27/2016,8.633,8.624,8.651,8.513
04/26/2016,8.614,8.495,8.642,8.467
04/25/2016,8.55,8.734,8.734,8.504
,,,,
04/22/2016,8.66,8.725,8.725,8.578
04/21/2016,8.789,8.688,8.881,8.67
04/20/2016,8.697,8.872,8.918,8.476
04/19/2016,8.964,9.203,9.222,8.936
04/18/2016,9.139,9.185,9.24,9.038
,,,,
04/15/2016,9.203,9.277,9.369,9.203
04/14/2016,9.24,9.295,9.351,9.185
04/13/2016,9.185,9.111,9.194,9.056
12/4/2016,9.065,9.185,9.203,8.982
11/4/2016,9.157,9.111,9.277,9.019
,,,,
8/4/2016,9.13,8.992,9.148,8.946
7/4/2016,9.075,9.222,9.24,9.029
6/4/2016,9.157,9.203,9.277,9.047
5/4/2016,9.148,9.056,9.259,9.047
,,,,
1/4/2016,9.259,9.314,9.387,9.194
03/31/2016,9.424,9.259,9.443,9.13
03/30/2016,9.24,9.24,9.424,9.093
03/29/2016,9.176,9.259,9.259,9.056
,,,,
03/24/2016,9.203,9.019,9.24,9.019
03/23/2016,9.222,9.075,9.24,9.075